Species,Date,Age,Glass,Temp,KDTime,Pot.mean
Sub,3/13/2018,7,L,32,1047,N
Sub,3/18/2018,7,L,32.5,507,N
Sub,2/13/2018,7,L,33,351,Y
Imm,2/13/2018,7,L,33,716,N
Sub,2/13/2018,7,L,33,329,Y
Sub,2/13/2018,7,L,33,311,Y
Sub,2/13/2018,7,L,33,370,Y
Sub,2/13/2018,7,L,33,303,Y
Sub,2/13/2018,7,L,33,516,Y
Sub,2/13/2018,7,L,33,340,Y
Sub,2/13/2018,7,L,33,589,Y
Sub,2/13/2018,7,L,33,499,Y
Sub,2/13/2018,7,L,33,415,Y
Sub,2/6/2018,5,S,33.5,294,Y
Imm,2/6/2018,4,S,33.5,319,Y
Sub,2/6/2018,5,S,33.5,224,Y
Imm,2/6/2018,4,S,33.5,493,Y
Sub,2/6/2018,6,S,33.5,307,Y
Imm,2/6/2018,4,S,33.5,398,Y
Sub,2/6/2018,4,S,33.5,358,Y
Imm,2/6/2018,4,S,33.5,324,Y
Sub,2/6/2018,5,S,33.5,202.5,Y
Imm,2/6/2018,4,S,33.5,344,Y
Sub,2/6/2018,5,S,33.5,331,Y
Imm,2/6/2018,4,S,33.5,432,Y
Sub,2/6/2018,4,S,33.5,344,Y
Imm,2/6/2018,4,S,33.5,367,Y
Sub,2/6/2018,5,S,33.5,195,Y
Imm,2/6/2018,4,S,33.5,402,Y
Sub,2/6/2018,5,S,33.5,274,Y
Imm,2/6/2018,4,S,33.5,367,Y
Sub,2/6/2018,4,S,33.5,225,Y
Imm,2/6/2018,4,S,33.5,344,Y
Ruf,2/25/2018,7,S,33.5,587,N
Sub,1/11/2018,7,S,34,112,Y
Imm,1/11/2018,6,S,34,202,Y
Sub,1/11/2018,7,S,34,145,Y
Imm,1/11/2018,7,S,34,174,Y
Sub,1/11/2018,7,S,34,171,Y
Imm,1/11/2018,7,S,34,162,Y
Sub,1/11/2018,7,S,34,140,Y
Imm,1/11/2018,7,S,34,174,Y
Sub,1/11/2018,7,S,34,189,Y
Imm,1/11/2018,6,S,34,135,Y
Sub,1/11/2018,6,S,34,136,Y
Imm,1/11/2018,7,S,34,215,Y
Sub,1/11/2018,7,S,34,155,Y
Imm,1/11/2018,7,S,34,155,Y
Sub,1/11/2018,7,S,34,186,Y
Imm,1/11/2018,7,S,34,186,Y
Sub,1/11/2018,6,S,34,111,Y
Imm,1/11/2018,6,S,34,213,Y
Sub,1/11/2018,6,S,34,190,Y
Sub,1/11/2018,7,S,34,175,Y
Equ,1/17/2018,6,L,34,897,Y
Equ,1/17/2018,5,L,34,842,Y
Equ,1/17/2018,6,L,34,793,Y
Equ,1/17/2018,6,L,34,767,Y
Equ,1/17/2018,5,L,34,992,Y
Equ,1/17/2018,5,L,34,842,Y
Equ,1/17/2018,6,L,34,842,Y
Equ,1/17/2018,5,L,34,806,Y
Equ,1/17/2018,6,L,34,536,Y
Equ,1/17/2018,6,L,34,744,Y
Equ,1/17/2018,6,L,34,674,Y
Equ,1/17/2018,6,L,34,744,Y
Equ,1/17/2018,5,L,34,853,Y
Ruf,2/27/2018,7,S,34,339,Y
Ruf,2/27/2018,6,S,34,381,Y
Ruf,2/27/2018,7,S,34,462,Y
Ruf,2/27/2018,6,S,34,441,Y
Ruf,2/27/2018,7,S,34,478,Y
Ruf,2/27/2018,6,S,34,412,Y
Ruf,2/27/2018,7,S,34,454,Y
Ruf,2/27/2018,6,S,34,317,Y
Ruf,2/27/2018,7,S,34,511,Y
Ruf,2/27/2018,6,S,34,390,Y
Suz,3/8/2018,6,L,34,648.5,N
Sub,2/10/2018,7,S,34.5,102,Y
Imm,2/10/2018,7,S,34.5,96,Y
Sub,2/10/2018,5,S,34.5,102,Y
Imm,2/10/2018,7,S,34.5,146,Y
Sub,2/10/2018,7,S,34.5,119,Y
Imm,2/10/2018,7,S,34.5,109,Y
Sub,2/10/2018,6,S,34.5,109,Y
Imm,2/10/2018,7,S,34.5,103,Y
Sub,2/10/2018,7,S,34.5,106,Y
Imm,2/10/2018,7,S,34.5,115,Y
Sub,2/10/2018,7,S,34.5,62,Y
Imm,2/10/2018,7,S,34.5,156,Y
Sub,2/10/2018,5,S,34.5,100,Y
Imm,2/10/2018,7,S,34.5,134,Y
Sub,2/10/2018,5,S,34.5,104,Y
Imm,2/10/2018,7,S,34.5,163,Y
Sub,2/10/2018,7,S,34.5,111,Y
Imm,2/10/2018,7,S,34.5,134,Y
Sub,2/10/2018,5,S,34.5,107,Y
Imm,2/10/2018,7,S,34.5,127,Y
Ruf,2/23/2018,7,S,34.5,310,Y
Ruf,2/23/2018,6,S,34.5,347,Y
Ruf,2/23/2018,7,S,34.5,302,Y
Ruf,2/23/2018,6,S,34.5,320,Y
Ruf,2/23/2018,7,S,34.5,328,Y
Ruf,2/23/2018,6,S,34.5,366,Y
Ruf,2/23/2018,7,S,34.5,318,Y
Ruf,2/23/2018,6,S,34.5,311,Y
Ruf,2/23/2018,7,S,34.5,276,Y
Ruf,2/23/2018,6,S,34.5,303,Y
Suz,3/8/2018,6,S,34.5,360,Y
Suz,3/8/2018,6,S,34.5,447,Y
Suz,3/8/2018,6,S,34.5,436,Y
Suz,3/8/2018,6,S,34.5,415,Y
Suz,3/8/2018,6,S,34.5,458,Y
Suz,3/8/2018,6,S,34.5,490,Y
Suz,3/8/2018,6,S,34.5,436,Y
Suz,3/8/2018,6,S,34.5,404,Y
Suz,3/8/2018,6,S,34.5,426,Y
Equ,3/27/2018,7,L,34.5,666,Y
Equ,3/27/2018,7,L,34.5,619,Y
Equ,3/27/2018,7,L,34.5,533,Y
Equ,3/27/2018,7,L,34.5,456,Y
Equ,3/27/2018,7,L,34.5,444,Y
Equ,3/27/2018,7,L,34.5,691,Y
Equ,3/27/2018,7,L,34.5,739,Y
Equ,3/27/2018,7,L,34.5,521,Y
Equ,3/27/2018,7,L,34.5,634,Y
Mel,1/9/2018,6,L,35,661,N
Ruf,1/10/2018,6,S,35,100,Y
Imm,1/10/2018,7,S,35,100,Y
Sub,1/10/2018,6,S,35,78,Y
Ruf,1/10/2018,6,S,35,154,Y
Imm,1/10/2018,7,S,35,72,Y
Sub,1/10/2018,6,S,35,53,Y
Ruf,1/10/2018,6,S,35,149,Y
Imm,1/10/2018,7,S,35,62,Y
Sub,1/10/2018,7,S,35,76,Y
Ruf,1/10/2018,5,S,35,213,Y
Imm,1/10/2018,6,S,35,40,Y
Sub,1/10/2018,6,S,35,65,Y
Ruf,1/10/2018,6,S,35,205,Y
Imm,1/10/2018,7,S,35,41,Y
Sub,1/10/2018,6,S,35,65,Y
Ruf,1/10/2018,6,S,35,192,Y
Imm,1/10/2018,6,S,35,76,Y
Sub,1/10/2018,7,S,35,76,Y
Ruf,1/10/2018,5,S,35,192,Y
Imm,1/10/2018,7,S,35,82,Y
Sub,1/10/2018,6,S,35,80,Y
Ruf,1/10/2018,6,S,35,177,Y
Imm,1/10/2018,7,S,35,63,Y
Sub,1/10/2018,6,S,35,85,Y
Ruf,1/10/2018,6,S,35,227,Y
Imm,1/10/2018,7,S,35,63,Y
Sub,1/10/2018,7,S,35,63,Y
Ruf,1/10/2018,5,S,35,185,Y
Imm,1/10/2018,7,S,35,62.5,Y
Sub,1/10/2018,6,S,35,62.5,Y
Mer,2/15/2018,7,S,35,292,N
Suz,3/1/2018,4,S,35,283,Y
Suz,3/1/2018,4,S,35,308,Y
Suz,3/1/2018,4,S,35,326,Y
Suz,3/1/2018,4,S,35,360,Y
Suz,3/1/2018,4,S,35,365,Y
Suz,3/1/2018,4,S,35,339,Y
Suz,3/1/2018,4,S,35,284,Y
Suz,3/1/2018,4,S,35,327,Y
Suz,3/1/2018,4,S,35,284,Y
Suz,3/1/2018,4,S,35,300,Y
Equ,3/26/2018,8,L,35,390,N
Mel,2/5/2018,4,S,35.5,647,N
Imm,2/5/2018,4,S,35.5,63.5,Y
Mer,2/5/2018,6,S,35.5,189,Y
Imm,2/5/2018,6,S,35.5,53,Y
Mer,2/5/2018,5,S,35.5,225,Y
Imm,2/5/2018,4,S,35.5,55,Y
Mer,2/5/2018,6,S,35.5,173,Y
Imm,2/5/2018,4,S,35.5,56.5,Y
Mer,2/5/2018,6,S,35.5,238,Y
Imm,2/5/2018,4,S,35.5,62.5,Y
Mer,2/5/2018,5,S,35.5,208,Y
Imm,2/5/2018,4,S,35.5,54,Y
Mer,2/5/2018,6,S,35.5,181.5,Y
Imm,2/5/2018,4,S,35.5,43,Y
Mer,2/5/2018,6,S,35.5,198,Y
Imm,2/5/2018,5,S,35.5,57,Y
Mer,2/5/2018,5,S,35.5,181,Y
Imm,2/5/2018,6,S,35.5,45,Y
Mer,2/5/2018,6,S,35.5,163,Y
Imm,2/5/2018,4,S,35.5,64.5,Y
Mer,2/5/2018,6,S,35.5,176,Y
Suz,2/16/2018,6,S,35.5,182,Y
Ruf,2/16/2018,7,S,35.5,181,Y
Sub,2/16/2018,6,S,35.5,58,Y
Suz,2/16/2018,6,S,35.5,131,Y
Ruf,2/16/2018,7,S,35.5,162,Y
Sub,2/16/2018,6,S,35.5,59,Y
Suz,2/16/2018,6,S,35.5,188,Y
Ruf,2/16/2018,7,S,35.5,163,Y
Sub,2/16/2018,6,S,35.5,60,Y
Suz,2/16/2018,6,S,35.5,214,Y
Ruf,2/16/2018,7,S,35.5,117,Y
Sub,2/16/2018,6,S,35.5,52,Y
Suz,2/16/2018,6,S,35.5,183,Y
Ruf,2/16/2018,7,S,35.5,151,Y
Sub,2/16/2018,7,S,35.5,59,Y
Suz,2/16/2018,6,S,35.5,214,Y
Ruf,2/16/2018,7,S,35.5,134,Y
Sub,2/16/2018,6,S,35.5,76,Y
Suz,2/16/2018,6,S,35.5,210,Y
Ruf,2/16/2018,7,S,35.5,118,Y
Sub,2/16/2018,6,S,35.5,62,Y
Suz,2/16/2018,6,S,35.5,184,Y
Ruf,2/16/2018,7,S,35.5,117,Y
Sub,2/16/2018,6,S,35.5,60,Y
Suz,2/16/2018,6,S,35.5,184,Y
Ruf,2/16/2018,7,S,35.5,77,Y
Sub,2/16/2018,6,S,35.5,44,Y
Suz,2/16/2018,6,S,35.5,214,Y
Ruf,2/16/2018,7,S,35.5,133,Y
Sub,2/16/2018,6,S,35.5,70,Y
Equ,3/28/2018,6,S,35.5,338,Y
Equ,3/28/2018,6,S,35.5,330,Y
Equ,3/28/2018,6,S,35.5,410,Y
Equ,3/28/2018,6,S,35.5,342,Y
Equ,3/28/2018,6,S,35.5,330,Y
Equ,3/28/2018,6,S,35.5,349,Y
Equ,3/28/2018,6,S,35.5,338,Y
Equ,3/28/2018,6,S,35.5,410,Y
Equ,3/28/2018,6,S,35.5,386,Y
Equ,3/28/2018,6,S,35.5,330,Y
Mon,4/17/2018,6,L,35.5,519.5,N
Mel,12/19/2017,7,S,36,346,Y
Equ,12/19/2017,5,S,36,239,Y
Mel,12/19/2017,7,S,36,260,Y
Equ,12/19/2017,5,S,36,240,Y
Mel,12/19/2017,7,S,36,371,Y
Equ,12/19/2017,5,S,36,243,Y
Mel,12/19/2017,7,L,36,181,Y
Mel,12/19/2017,7,L,36,292,Y
Equ,12/19/2017,5,L,36,219,Y
Mel,12/19/2017,7,L,36,240,Y
Mel,12/19/2017,7,L,36,200,Y
Equ,12/19/2017,5,L,36,200,Y
Mel,12/19/2017,7,L,36,344,Y
Equ,12/19/2017,5,L,36,224,Y
Mel,12/19/2017,7,L,36,370,Y
Equ,12/19/2017,5,L,36,215,Y
Mel,12/19/2017,7,L,36,225,Y
Mel,12/19/2017,7,L,36,322,Y
Ruf,1/23/2018,7,S,36,100,Y
Ruf,1/23/2018,7,S,36,68,Y
Ruf,1/23/2018,6,S,36,110,Y
Ruf,1/23/2018,7,S,36,100,Y
Ruf,1/23/2018,6,S,36,79,Y
Ruf,1/23/2018,7,S,36,92,Y
Ruf,1/23/2018,7,S,36,81,Y
Ruf,1/23/2018,6,S,36,80,Y
Ruf,1/23/2018,7,S,36,92,Y
Ruf,1/23/2018,6,S,36,80,Y
Sub,2/4/2018,5,S,36,36,Y
Mer,2/4/2018,5,S,36,135,Y
Sub,2/4/2018,5,S,36,39.5,Y
Mer,2/4/2018,5,S,36,156,Y
Sub,2/4/2018,5,S,36,32,Y
Mer,2/4/2018,5,S,36,147,Y
Sub,2/4/2018,4,S,36,41,Y
Mer,2/4/2018,5,S,36,129,Y
Sub,2/4/2018,5,S,36,32,Y
Mer,2/4/2018,5,S,36,147,Y
Sub,2/4/2018,4,S,36,40,Y
Mer,2/4/2018,5,S,36,157,Y
Sub,2/4/2018,5,S,36,36.75,Y
Mer,2/4/2018,5,S,36,140,Y
Sub,2/4/2018,5,S,36,27.5,Y
Mer,2/4/2018,5,S,36,157,Y
Sub,2/4/2018,5,S,36,38.5,Y
Mer,2/4/2018,5,S,36,140,Y
Sub,2/4/2018,4,S,36,39,Y
Mer,2/4/2018,5,S,36,130,Y
Imm,2/10/2018,7,S,36,33.25,Y
Imm,2/10/2018,7,S,36,29.5,Y
Imm,2/10/2018,7,S,36,34,Y
Imm,2/10/2018,7,S,36,28.5,Y
Imm,2/10/2018,7,S,36,35.5,Y
Imm,2/10/2018,7,S,36,36,Y
Imm,2/10/2018,7,S,36,33,Y
Imm,2/10/2018,7,S,36,27.5,Y
Imm,2/10/2018,7,S,36,31,Y
Imm,2/10/2018,7,S,36,31.75,Y
Suz,2/26/2018,7,S,36,144,Y
Suz,2/26/2018,6,S,36,159,Y
Suz,2/26/2018,7,S,36,153,Y
Suz,2/26/2018,6,S,36,121,Y
Suz,2/26/2018,7,S,36,136,Y
Suz,2/26/2018,6,S,36,159,Y
Suz,2/26/2018,7,S,36,159,Y
Suz,2/26/2018,6,S,36,131,Y
Suz,2/26/2018,7,S,36,132,Y
Suz,2/26/2018,7,S,36,144,Y
Mon,3/24/2018,6,L,36,392,Y
Mon,3/24/2018,6,L,36,429,Y
Mon,3/24/2018,6,L,36,304,Y
Mon,3/24/2018,6,L,36,406,Y
Mon,3/24/2018,6,L,36,321,Y
Mon,3/24/2018,6,L,36,363,Y
Mon,3/24/2018,6,L,36,305,Y
Mon,3/24/2018,6,L,36,406,Y
Mon,3/24/2018,6,L,36,429,Y
Mon,3/24/2018,6,L,36,394,Y
Equ,3/24/2018,6,L,36,271,Y
Equ,3/24/2018,6,L,36,247,Y
Equ,3/24/2018,6,L,36,259,Y
Equ,3/24/2018,6,L,36,231,Y
Equ,3/24/2018,6,L,36,253,Y
Equ,1/30/2018,7,S,36.5,121,Y
Mer,1/30/2018,6,S,36.5,114,Y
Mel,1/30/2018,7,S,36.5,283,Y
Sub,1/30/2018,7,S,36.5,28,Y
Equ,1/30/2018,7,S,36.5,127,Y
Mer,1/30/2018,7,S,36.5,106,Y
Mel,1/30/2018,7,S,36.5,192,Y
Sub,1/30/2018,7,S,36.5,23,Y
Equ,1/30/2018,7,S,36.5,127,Y
Mer,1/30/2018,6,S,36.5,98,Y
Mel,1/30/2018,7,S,36.5,187,Y
Sub,1/30/2018,7,S,36.5,31.75,Y
Equ,1/30/2018,7,S,36.5,143,Y
Mer,1/30/2018,7,S,36.5,107,Y
Mel,1/30/2018,7,S,36.5,235,Y
Sub,1/30/2018,7,S,36.5,26.5,Y
Equ,1/30/2018,7,S,36.5,115,Y
Mer,1/30/2018,7,S,36.5,101,Y
Mel,1/30/2018,7,S,36.5,208,Y
Sub,1/30/2018,7,S,36.5,26.75,Y
Equ,1/30/2018,7,S,36.5,129,Y
Mer,1/30/2018,6,S,36.5,109,Y
Mel,1/30/2018,6,S,36.5,219,Y
Sub,1/30/2018,7,S,36.5,29,Y
Equ,1/30/2018,7,S,36.5,122,Y
Mer,1/30/2018,7,S,36.5,99,Y
Mel,1/30/2018,7,S,36.5,301,Y
Sub,1/30/2018,7,S,36.5,24.75,Y
Equ,1/30/2018,7,S,36.5,133,Y
Mer,1/30/2018,6,S,36.5,108,Y
Mel,1/30/2018,7,S,36.5,188,Y
Sub,1/30/2018,7,S,36.5,22,Y
Equ,1/30/2018,7,S,36.5,138,Y
Mer,1/30/2018,6,S,36.5,115,Y
Mel,1/30/2018,7,S,36.5,239,Y
Sub,1/30/2018,7,S,36.5,21,Y
Equ,1/30/2018,7,S,36.5,128,Y
Mer,1/30/2018,6,S,36.5,107,Y
Mel,1/30/2018,7,S,36.5,219,Y
Sub,1/30/2018,7,S,36.5,21,Y
Imm,2/8/2018,6,S,36.5,25,Y
Ruf,2/8/2018,6,S,36.5,53,Y
Imm,2/8/2018,6,S,36.5,26.5,Y
Ruf,2/8/2018,6,S,36.5,60.75,Y
Imm,2/8/2018,6,S,36.5,14,Y
Ruf,2/8/2018,5,S,36.5,67,Y
Imm,2/8/2018,6,S,36.5,27.25,Y
Ruf,2/8/2018,6,S,36.5,57.75,Y
Imm,2/8/2018,6,S,36.5,27.5,Y
Ruf,2/8/2018,6,S,36.5,32.25,Y
Imm,2/8/2018,6,S,36.5,16.5,Y
Ruf,2/8/2018,5,S,36.5,79.75,Y
Imm,2/8/2018,6,S,36.5,33,Y
Ruf,2/8/2018,6,S,36.5,80.5,Y
Imm,2/8/2018,6,S,36.5,23.75,Y
Ruf,2/8/2018,5,S,36.5,37.5,Y
Imm,2/8/2018,6,S,36.5,12.25,Y
Ruf,2/8/2018,6,S,36.5,97,Y
Imm,2/8/2018,6,S,36.5,14.75,Y
Ruf,2/8/2018,6,S,36.5,47.25,Y
Suz,2/11/2018,5,S,36.5,136,Y
Suz,2/11/2018,5,S,36.5,87,Y
Suz,2/11/2018,5,S,36.5,121,Y
Suz,2/11/2018,5,S,36.5,107,Y
Suz,2/11/2018,5,S,36.5,97,Y
Suz,2/11/2018,5,S,36.5,97,Y
Suz,2/11/2018,5,S,36.5,88.5,Y
Suz,2/11/2018,5,S,36.5,90,Y
Suz,2/11/2018,5,S,36.5,90.75,Y
Suz,2/11/2018,5,S,36.5,94,Y
Mon,3/17/2018,7,S,36.5,308,Y
Mon,3/17/2018,7,S,36.5,229,Y
Mon,3/17/2018,7,S,36.5,207,Y
Mon,3/17/2018,7,S,36.5,296,Y
Mon,3/17/2018,7,S,36.5,239,Y
Mon,3/17/2018,7,S,36.5,239,Y
Mon,3/17/2018,7,S,36.5,208,Y
Mon,3/17/2018,7,S,36.5,217,Y
Mon,3/17/2018,7,S,36.5,217,Y
Mon,3/17/2018,7,S,36.5,254,Y
Vir,3/25/2018,7,L,36.5,561,N
Mel,12/18/2017,7,S,37,124,Y
Equ,12/18/2017,4,S,37,105,Y
Mel,12/18/2017,7,S,37,160,Y
Mel,12/18/2017,7,S,37,139,Y
Equ,12/18/2017,4,S,37,85,Y
Equ,12/18/2017,4,S,37,85,Y
Mel,12/18/2017,7,L,37,104,Y
Equ,12/18/2017,4,L,37,76,Y
Mel,12/18/2017,7,L,37,124,Y
Equ,12/18/2017,4,L,37,104,Y
Mel,12/18/2017,7,L,37,155,Y
Mel,12/18/2017,7,L,37,184,Y
Equ,12/18/2017,4,L,37,115,Y
Mel,12/18/2017,7,L,37,124,Y
Mel,12/18/2017,7,L,37,155,Y
Equ,12/18/2017,4,L,37,91,Y
Equ,12/18/2017,4,L,37,91,Y
Equ,12/18/2017,4,L,37,48,Y
Mel,1/9/2018,6,L,37,156,Y
Mel,1/9/2018,6,L,37,152,Y
Mel,1/9/2018,6,L,37,157,Y
Mel,1/9/2018,6,L,37,150,Y
Mel,1/9/2018,6,L,37,157,Y
Mel,1/9/2018,6,L,37,143,Y
Ruf,1/9/2018,6,S,37,39,Y
Sub,1/9/2018,6,S,37,20.5,Y
Ruf,1/9/2018,6,S,37,43,Y
Sub,1/9/2018,6,S,37,19,Y
Ruf,1/9/2018,6,S,37,19,Y
Sub,1/9/2018,6,S,37,16.75,Y
Ruf,1/9/2018,6,S,37,36,Y
Sub,1/9/2018,6,S,37,17,Y
Ruf,1/9/2018,6,S,37,20.75,Y
Sub,1/9/2018,6,S,37,11,Y
Sub,1/9/2018,6,S,37,14.5,Y
Ruf,1/9/2018,6,S,37,33,Y
Sub,1/9/2018,6,S,37,14,Y
Ruf,1/9/2018,6,S,37,18.5,Y
Sub,1/9/2018,6,S,37,18.5,Y
Ruf,1/9/2018,6,S,37,10,Y
Sub,1/9/2018,6,S,37,18,Y
Ruf,1/9/2018,6,S,37,22,Y
Sub,1/9/2018,6,S,37,18,Y
Ruf,1/9/2018,6,S,37,13.25,Y
Sub,1/9/2018,6,S,37,19.5,Y
Sub,1/9/2018,6,S,37,19.5,Y
Mon,1/22/2018,6,S,37,110,Y
Suz,1/22/2018,5,S,37,56,Y
Mon,1/22/2018,6,S,37,107,Y
Mon,1/22/2018,6,S,37,107,Y
Suz,1/22/2018,4,S,37,56,Y
Mon,1/22/2018,6,S,37,105,Y
Suz,1/22/2018,6,S,37,42,Y
Mon,1/22/2018,6,S,37,103,Y
Suz,1/22/2018,6,S,37,65,Y
Mon,1/22/2018,6,S,37,73,Y
Suz,1/22/2018,6,S,37,73,Y
Mon,1/22/2018,6,S,37,123,Y
Mon,1/22/2018,6,S,37,109,Y
Suz,1/22/2018,5,S,37,31,Y
Mon,1/22/2018,6,S,37,122,Y
Mon,1/22/2018,6,S,37,108,Y
Mon,1/22/2018,6,S,37,108,Y
Mon,1/22/2018,6,S,37,114,Y
Mer,2/9/2018,6,S,37,46,Y
Mer,2/9/2018,7,S,37,83,Y
Mer,2/9/2018,6,S,37,79.25,Y
Mer,2/9/2018,6,S,37,68,Y
Mer,2/9/2018,6,S,37,78.5,Y
Mer,2/9/2018,6,S,37,53.75,Y
Mer,2/9/2018,6,S,37,84.75,Y
Mer,2/9/2018,7,S,37,93.75,Y
Mer,2/9/2018,6,S,37,22.25,Y
Mer,2/9/2018,6,S,37,20.5,Y
Imm,2/16/2018,7,S,37,18.25,Y
Imm,2/16/2018,7,S,37,18.5,Y
Imm,2/16/2018,7,S,37,12,Y
Imm,2/16/2018,7,S,37,21.25,Y
Imm,2/16/2018,7,S,37,15.5,Y
Imm,2/16/2018,7,S,37,17.25,Y
Imm,2/16/2018,7,S,37,21.5,Y
Imm,2/16/2018,7,S,37,16,Y
Imm,2/16/2018,7,S,37,21.5,Y
Imm,2/16/2018,7,S,37,9.25,Y
Imm,2/16/2018,7,S,37,9.5,Y
Imm,2/16/2018,7,S,37,19.25,Y
Imm,2/16/2018,7,S,37,11,Y
Imm,2/16/2018,7,S,37,25,Y
Imm,2/16/2018,7,S,37,12.75,Y
Imm,2/16/2018,7,S,37,17.75,Y
Imm,2/16/2018,7,S,37,11.5,Y
Suz,3/9/2018,7,S,37,87,Y
Suz,3/9/2018,7,S,37,87,Y
Suz,3/9/2018,7,S,37,93,Y
Suz,3/9/2018,7,S,37,63,Y
Suz,3/9/2018,7,S,37,61,Y
Suz,3/9/2018,7,S,37,88,Y
Suz,3/9/2018,7,S,37,62,Y
Suz,3/9/2018,7,S,37,94,Y
Suz,3/9/2018,7,S,37,80,Y
Suz,3/9/2018,7,S,37,71,Y
Suz,3/11/2018,7,S,37,97,Y
Suz,3/11/2018,7,S,37,68,Y
Suz,3/11/2018,7,S,37,59,Y
Suz,3/11/2018,7,S,37,57,Y
Suz,3/11/2018,7,S,37,58,Y
Suz,3/11/2018,7,S,37,89,Y
Suz,3/11/2018,7,S,37,97,Y
Suz,3/11/2018,7,S,37,57,Y
Suz,3/11/2018,7,S,37,53,Y
Suz,3/11/2018,7,S,37,51,Y
Vir,4/23/2018,7,L,37,351.5,N
Mel,12/14/2017,7,S,37.5,135,Y
Equ,12/14/2017,6,S,37.5,27,Y
Equ,12/14/2017,6,S,37.5,36.75,Y
Mel,12/14/2017,7,S,37.5,36.5,Y
Mel,12/14/2017,7,S,37.5,145,Y
Equ,12/14/2017,6,S,37.5,10,Y
Mel,12/14/2017,7,L,37.5,130.75,Y
Mel,12/14/2017,7,L,37.5,55,Y
Equ,12/14/2017,6,L,37.5,31,Y
Mel,12/14/2017,7,L,37.5,118.5,Y
Equ,12/14/2017,6,L,37.5,25.75,Y
Mel,12/14/2017,7,L,37.5,57.25,Y
Equ,12/14/2017,6,L,37.5,37.5,Y
Mel,12/14/2017,7,L,37.5,135,Y
Mel,12/14/2017,7,L,37.5,115,Y
Equ,12/14/2017,6,L,37.5,22.5,Y
Mel,12/14/2017,7,L,37.5,116,Y
Mer,1/25/2018,6,,37.5,41,Y
Mon,1/25/2018,6,,37.5,75,Y
Mer,1/25/2018,6,,37.5,69,Y
Mon,1/25/2018,7,,37.5,91,Y
Mer,1/25/2018,5,,37.5,30,Y
Mon,1/25/2018,7,,37.5,53,Y
Mer,1/25/2018,5,,37.5,34,Y
Mon,1/25/2018,7,,37.5,54,Y
Mer,1/25/2018,5,,37.5,35,Y
Mon,1/25/2018,6,,37.5,61,Y
Mer,1/25/2018,6,,37.5,56,Y
Mer,1/25/2018,5,,37.5,55,Y
Mon,1/25/2018,7,,37.5,91,Y
Mer,1/25/2018,5,,37.5,36,Y
Mon,1/25/2018,6,,37.5,63,Y
Mer,1/25/2018,6,,37.5,55,Y
Mon,1/25/2018,7,,37.5,46,Y
Mer,1/25/2018,5,,37.5,43,Y
Ruf,2/9/2018,6,S,37.5,24.75,Y
Imm,2/9/2018,6,S,37.5,9.25,Y
Ruf,2/9/2018,6,S,37.5,30,Y
Imm,2/9/2018,7,S,37.5,18.75,Y
Ruf,2/9/2018,6,S,37.5,22.75,Y
Imm,2/9/2018,6,S,37.5,19.75,Y
Ruf,2/9/2018,6,S,37.5,23,Y
Imm,2/9/2018,6,S,37.5,5.75,Y
Ruf,2/9/2018,6,S,37.5,25.25,Y
Imm,2/9/2018,7,S,37.5,10.25,Y
Ruf,2/9/2018,5,S,37.5,21,Y
Imm,2/9/2018,6,S,37.5,8.25,Y
Ruf,2/9/2018,6,S,37.5,21.5,Y
Imm,2/9/2018,6,S,37.5,8.5,Y
Ruf,2/9/2018,5,S,37.5,22,Y
Imm,2/9/2018,7,S,37.5,17.75,Y
Ruf,2/9/2018,5,S,37.5,24.5,Y
Imm,2/9/2018,7,S,37.5,4.5,Y
Ruf,2/9/2018,5,S,37.5,18.25,Y
Imm,2/9/2018,6,S,37.5,5.25,Y
Suz,2/10/2018,7,S,37.5,41.5,Y
Suz,2/10/2018,6,S,37.5,38.75,Y
Suz,2/10/2018,6,S,37.5,34.5,Y
Suz,2/10/2018,6,S,37.5,35.25,Y
Suz,2/10/2018,7,S,37.5,17.75,Y
Suz,2/10/2018,6,S,37.5,20.75,Y
Suz,2/10/2018,7,S,37.5,19.5,Y
Suz,2/10/2018,6,S,37.5,24,Y
Suz,2/10/2018,6,S,37.5,33.75,Y
Suz,2/10/2018,7,S,37.5,18.5,Y
Sub,2/18/2018,7,S,37.5,16.5,Y
Equ,2/18/2018,6,S,37.5,44.5,Y
Sub,2/18/2018,6,S,37.5,14.75,Y
Sub,2/18/2018,7,S,37.5,13.5,Y
Equ,2/18/2018,7,S,37.5,42,Y
Sub,2/18/2018,6,S,37.5,15,Y
Equ,2/18/2018,6,S,37.5,42.25,Y
Sub,2/18/2018,7,S,37.5,12.5,Y
Sub,2/18/2018,6,S,37.5,15.5,Y
Equ,2/18/2018,6,S,37.5,37.75,Y
Sub,2/18/2018,7,S,37.5,13.75,Y
Sub,2/18/2018,7,S,37.5,14.25,Y
Equ,2/18/2018,6,S,37.5,43,Y
Sub,2/18/2018,6,S,37.5,15.75,Y
Equ,2/18/2018,6,S,37.5,40,Y
Sub,2/18/2018,7,S,37.5,16.25,Y
Vir,3/23/2018,7,L,37.5,248,Y
Vir,3/23/2018,7,L,37.5,267,Y
Vir,3/23/2018,7,L,37.5,248,Y
Vir,3/23/2018,7,L,37.5,263,Y
Vir,3/23/2018,7,L,37.5,250,Y
Vir,3/23/2018,7,L,37.5,263,Y
Vir,3/23/2018,7,L,37.5,230,Y
Vir,3/23/2018,7,L,37.5,230,Y
Vir,3/23/2018,7,L,37.5,250,Y
Vir,3/23/2018,7,L,37.5,250,Y
Mel,12/8/2017,4,S,38,83.25,Y
Mel,12/8/2017,4,S,38,90.5,Y
Mel,12/8/2017,4,S,38,32.5,Y
Mel,12/8/2017,4,S,38,94.75,Y
Mel,12/8/2017,4,S,38,140,Y
Mel,12/8/2017,4,S,38,98.5,Y
Mel,12/8/2017,4,S,38,79.75,Y
Mel,12/8/2017,4,S,38,81.25,Y
Mel,12/8/2017,4,S,38,78.25,Y
Mel,12/8/2017,4,S,38,58.5,Y
Mel,12/8/2017,4,S,38,50,Y
Mel,12/8/2017,4,S,38,76.25,Y
Mel,12/8/2017,4,S,38,173.5,Y
Mel,12/8/2017,4,S,38,185,Y
Sub,1/4/2018,6,S,38,12.75,Y
Vir,1/4/2018,6,S,38,136,Y
Sub,1/4/2018,7,S,38,9.5,Y
Vir,1/4/2018,6,S,38,112.5,Y
Sub,1/4/2018,7,S,38,5,Y
Vir,1/4/2018,7,S,38,108.5,Y
Sub,1/4/2018,7,S,38,10.75,Y
Vir,1/4/2018,7,S,38,97,Y
Sub,1/4/2018,7,S,38,7.5,Y
Vir,1/4/2018,7,S,38,177,Y
Sub,1/4/2018,6,S,38,13.25,Y
Vir,1/4/2018,6,S,38,111,Y
Sub,1/4/2018,7,S,38,16,Y
Vir,1/4/2018,7,S,38,119,Y
Sub,1/4/2018,7,S,38,4,Y
Vir,1/4/2018,7,S,38,142,Y
Sub,1/4/2018,7,S,38,12,Y
Vir,1/4/2018,7,S,38,176,Y
Sub,1/4/2018,7,S,38,8.25,Y
Vir,1/4/2018,7,S,38,124,Y
Ruf,1/5/2018,7,S,38,9.5,Y
Imm,1/5/2018,7,S,38,3.5,Y
Mon,1/5/2018,5,S,38,70,Y
Imm,1/5/2018,6,S,38,3.5,Y
Ruf,1/5/2018,6,S,38,7.75,Y
Mon,1/5/2018,5,S,38,32,Y
Ruf,1/5/2018,7,S,38,8.25,Y
Ruf,1/5/2018,7,S,38,10.5,Y
Imm,1/5/2018,6,S,38,4.5,Y
Imm,1/5/2018,6,S,38,4.5,Y
Mon,1/5/2018,5,S,38,64,Y
Ruf,1/5/2018,6,S,38,14,Y
Imm,1/5/2018,7,S,38,4.5,Y
Ruf,1/5/2018,7,S,38,8.75,Y
Imm,1/5/2018,6,S,38,4.5,Y
Mon,1/5/2018,6,S,38,74,Y
Imm,1/5/2018,7,S,38,4.5,Y
Imm,1/5/2018,6,S,38,5,Y
Ruf,1/5/2018,6,S,38,12,Y
Ruf,1/5/2018,7,S,38,17,Y
Imm,1/5/2018,6,S,38,4,Y
Mon,1/5/2018,5,S,38,18,Y
Ruf,1/5/2018,6,S,38,18,Y
Imm,1/5/2018,6,S,38,4,Y
Mon,1/5/2018,5,S,38,10,Y
Ruf,1/5/2018,6,S,38,10,Y
Imm,1/5/2018,7,S,38,6,Y
Imm,1/5/2018,6,S,38,7.5,Y
Ruf,1/5/2018,7,S,38,5.5,Y
Imm,1/5/2018,6,S,38,7.5,Y
Mon,1/5/2018,6,S,38,30,Y
Ruf,1/5/2018,6,S,38,9.5,Y
Imm,1/5/2018,7,S,38,3,Y
Mon,1/5/2018,5,S,38,17,Y
Ruf,1/5/2018,7,S,38,15,Y
Mon,1/5/2018,5,S,38,74,Y
Imm,1/5/2018,6,S,38,5,Y
Ruf,1/5/2018,6,S,38,11,Y
Imm,1/5/2018,6,S,38,3.5,Y
Ruf,1/5/2018,7,S,38,7,Y
Suz,2/7/2018,4,S,38,11.75,Y
Suz,2/7/2018,4,S,38,10.5,Y
Suz,2/7/2018,4,S,38,8.5,Y
Suz,2/7/2018,4,S,38,8.75,Y
Suz,2/7/2018,4,S,38,9,Y
Suz,2/7/2018,4,S,38,10.75,Y
Suz,2/7/2018,4,S,38,7.5,Y
Suz,2/7/2018,4,S,38,9.5,Y
Suz,2/7/2018,5,S,38,7.75,Y
Suz,2/7/2018,4,S,38,8,Y
Suz,3/11/2018,7,S,38,23,Y
Suz,3/11/2018,7,S,38,15,Y
Suz,3/11/2018,7,S,38,14,Y
Suz,3/11/2018,7,S,38,13,Y
Suz,3/11/2018,7,S,38,15.25,Y
Suz,3/11/2018,7,S,38,18,Y
Suz,3/11/2018,7,S,38,18.75,Y
Suz,3/11/2018,7,S,38,13.5,Y
Suz,3/11/2018,7,S,38,12.5,Y
Suz,3/11/2018,7,S,38,9.75,Y
Buz,3/23/2018,8,L,38,510,N
Mer,3/25/2018,7,S,38,29.5,Y
Mer,3/25/2018,7,S,38,31,Y
Mer,3/25/2018,7,S,38,27.75,Y
Mer,3/25/2018,7,S,38,33,Y
Mer,3/25/2018,7,S,38,28.25,Y
Mer,3/25/2018,7,S,38,35.25,Y
Mer,3/25/2018,7,S,38,29,Y
Mer,3/25/2018,7,S,38,24.25,Y
Mer,3/25/2018,7,S,38,30.5,Y
Equ,3/25/2018,7,S,38,22.25,Y
Equ,3/25/2018,7,S,38,22.75,Y
Equ,3/25/2018,7,S,38,27,Y
Equ,3/25/2018,7,S,38,27,Y
Equ,3/25/2018,7,S,38,25,Y
Equ,3/25/2018,7,S,38,26.75,Y
Equ,3/25/2018,7,S,38,17.5,Y
Equ,3/25/2018,7,S,38,18.25,Y
Equ,3/25/2018,7,S,38,23.25,Y
Equ,3/25/2018,7,S,38,20.5,Y
Equ,12/15/2017,7,S,38.5,12,Y
Equ,12/15/2017,7,S,38.5,18,Y
Equ,12/15/2017,7,S,38.5,12.5,Y
Equ,12/15/2017,7,L,38.5,11,Y
Equ,12/15/2017,7,L,38.5,11,Y
Mer,1/26/2018,6,S,38.5,18.5,Y
Mon,1/26/2018,5,S,38.5,8,Y
Vir,1/26/2018,5,S,38.5,82,Y
Suz,1/26/2018,6,S,38.5,8.5,Y
Mer,1/26/2018,5,S,38.5,15.5,Y
Mon,1/26/2018,4,S,38.5,9,Y
Suz,1/26/2018,4,S,38.5,6,Y
Mer,1/26/2018,5,S,38.5,9,Y
Vir,1/26/2018,6,S,38.5,82,Y
Suz,1/26/2018,7,S,38.5,6,Y
Mer,1/26/2018,5,S,38.5,14,Y
Mon,1/26/2018,5,S,38.5,11.5,Y
Vir,1/26/2018,5,S,38.5,106,Y
Suz,1/26/2018,5,S,38.5,6.5,Y
Mer,1/26/2018,5,S,38.5,12,Y
Vir,1/26/2018,5,S,38.5,106,Y
Suz,1/26/2018,6,S,38.5,6.5,Y
Mer,1/26/2018,6,S,38.5,10.5,Y
Mon,1/26/2018,6,S,38.5,10.5,Y
Vir,1/26/2018,7,S,38.5,102,Y
Suz,1/26/2018,7,S,38.5,5.5,Y
Mer,1/26/2018,5,S,38.5,19.5,Y
Vir,1/26/2018,5,S,38.5,83,Y
Suz,1/26/2018,7,S,38.5,7.5,Y
Mon,1/26/2018,6,S,38.5,10,Y
Vir,1/26/2018,7,S,38.5,90,Y
Mer,1/26/2018,5,S,38.5,10,Y
Suz,1/26/2018,4,S,38.5,7,Y
Vir,1/26/2018,7,S,38.5,111,Y
Mer,1/26/2018,5,S,38.5,22,Y
Mon,1/26/2018,5,S,38.5,12.5,Y
Vir,1/26/2018,7,S,38.5,101,Y
Suz,1/26/2018,6,S,38.5,5,Y
Mer,1/26/2018,6,S,38.5,9.5,Y
Imm,2/11/2018,7,S,38.5,7,Y
Ruf,2/11/2018,5,S,38.5,12.75,Y
Imm,2/11/2018,7,S,38.5,1.75,Y
Imm,2/11/2018,7,S,38.5,1.75,Y
Equ,2/11/2018,5,S,38.5,14.75,Y
Ruf,2/11/2018,4,S,38.5,11,Y
Imm,2/11/2018,6,S,38.5,2,Y
Ruf,2/11/2018,5,S,38.5,13,Y
Equ,2/11/2018,5,S,38.5,11.5,Y
Imm,2/11/2018,7,S,38.5,7.75,Y
Ruf,2/11/2018,5,S,38.5,15.75,Y
Ruf,2/11/2018,4,S,38.5,9.75,Y
Ruf,2/11/2018,5,S,38.5,10,Y
Imm,2/11/2018,7,S,38.5,2.25,Y
Ruf,2/11/2018,5,S,38.5,8,Y
Equ,2/11/2018,5,S,38.5,17.5,Y
Imm,2/11/2018,7,S,38.5,4.75,Y
Equ,2/11/2018,5,S,38.5,16.25,Y
Equ,2/11/2018,5,S,38.5,16.5,Y
Ruf,2/11/2018,4,S,38.5,10.5,Y
Imm,2/11/2018,7,S,38.5,4,Y
Ruf,2/11/2018,5,S,38.5,8.75,Y
Imm,2/11/2018,7,S,38.5,2.75,Y
Ruf,2/11/2018,5,S,38.5,8.75,Y
Imm,2/11/2018,7,S,38.5,2.75,Y
Sub,2/16/2018,5,S,38.5,8.75,Y
Mon,2/16/2018,7,S,38.5,15.25,Y
Sub,2/16/2018,6,S,38.5,9.25,Y
Sub,2/16/2018,5,S,38.5,9.25,Y
Mon,2/16/2018,7,S,38.5,15.25,Y
Sub,2/16/2018,5,S,38.5,9.5,Y
Mon,2/16/2018,7,S,38.5,10,Y
Sub,2/16/2018,5,S,38.5,7.25,Y
Sub,2/16/2018,5,S,38.5,7.5,Y
Mon,2/16/2018,7,S,38.5,11.5,Y
Sub,2/16/2018,5,S,38.5,10,Y
Mon,2/16/2018,7,S,38.5,10.25,Y
Sub,2/16/2018,5,S,38.5,10.5,Y
Mon,2/16/2018,7,S,38.5,8.25,Y
Sub,2/16/2018,5,S,38.5,10.75,Y
Mon,2/16/2018,7,S,38.5,15.5,Y
Sub,2/16/2018,5,S,38.5,10.75,Y
Mel,4/6/2018,4,S,38.5,38.75,Y
Mel,4/6/2018,4,S,38.5,73,Y
Mel,4/6/2018,4,S,38.5,49.75,Y
Mel,4/6/2018,4,S,38.5,84.75,Y
Mel,4/6/2018,4,S,38.5,30.5,Y
Mel,4/6/2018,4,S,38.5,39.75,Y
Mel,4/6/2018,4,S,38.5,55.25,Y
Mel,4/6/2018,4,S,38.5,50.75,Y
Mel,4/6/2018,4,S,38.5,55.75,Y
Mel,4/6/2018,4,S,38.5,51.25,Y
Buz,4/9/2018,7,L,38.5,305,Y
Buz,4/9/2018,7,L,38.5,359,Y
Buz,4/9/2018,7,L,38.5,331,Y
Buz,4/9/2018,7,L,38.5,285,Y
Buz,4/9/2018,7,L,38.5,395,Y
Buz,4/9/2018,7,L,38.5,319,Y
Buz,4/9/2018,7,L,38.5,320,Y
Buz,4/9/2018,7,L,38.5,256,Y
Buz,4/9/2018,7,L,38.5,256,Y
Buz,4/9/2018,7,L,38.5,291,Y
Mon,1/12/2018,4,S,39,8,Y
Mer,1/12/2018,4,S,39,11.5,Y
Vir,1/12/2018,4,S,39,68,Y
Mon,1/12/2018,4,S,39,8,Y
Mer,1/12/2018,4,S,39,11.75,Y
Vir,1/12/2018,4,S,39,54,Y
Mon,1/12/2018,7,S,39,6,Y
Mer,1/12/2018,4,S,39,9,Y
Vir,1/12/2018,4,S,39,28,Y
Mon,1/12/2018,4,S,39,9.5,Y
Mer,1/12/2018,4,S,39,9.5,Y
Mon,1/12/2018,4,S,39,6.75,Y
Mer,1/12/2018,4,S,39,12,Y
Vir,1/12/2018,4,S,39,66,Y
Mon,1/12/2018,4,S,39,14,Y
Mer,1/12/2018,4,S,39,11.25,Y
Vir,1/12/2018,4,S,39,67,Y
Mon,1/12/2018,4,S,39,5,Y
Mer,1/12/2018,4,S,39,14,Y
Mon,1/12/2018,7,S,39,7.5,Y
Mer,1/12/2018,4,S,39,11,Y
Vir,1/12/2018,4,S,39,67,Y
Mon,1/12/2018,4,S,39,13,Y
Mer,1/12/2018,4,S,39,13,Y
Vir,1/12/2018,4,S,39,87,Y
Mon,1/12/2018,4,S,39,27,Y
Mer,1/12/2018,4,S,39,10,Y
Equ,2/11/2018,6,S,39,11.25,Y
Equ,2/11/2018,6,S,39,9.75,Y
Equ,2/11/2018,6,S,39,6,Y
Equ,2/11/2018,6,S,39,6.75,Y
Equ,2/11/2018,6,S,39,9,Y
Equ,2/11/2018,6,S,39,8,Y
Equ,2/11/2018,6,S,39,7.25,Y
Equ,2/11/2018,6,S,39,8.5,Y
Equ,2/11/2018,6,S,39,11.5,Y
Sub,2/19/2018,6,S,39,6.25,Y
Ruf,2/19/2018,4,S,39,7.5,Y
Sub,2/19/2018,7,S,39,7.5,Y
Ruf,2/19/2018,6,S,39,3.5,Y
Sub,2/19/2018,6,S,39,8,Y
Ruf,2/19/2018,4,S,39,8,Y
Sub,2/19/2018,7,S,39,6.75,Y
Ruf,2/19/2018,7,S,39,7.25,Y
Sub,2/19/2018,7,S,39,7.25,Y
Sub,2/19/2018,6,S,39,5.75,Y
Sub,2/19/2018,7,S,39,6,Y
Sub,2/19/2018,7,S,39,6,Y
Vir,2/28/2018,7,S,39,95,Y
Vir,2/28/2018,7,S,39,95,Y
Vir,2/28/2018,5,S,39,73,Y
Vir,2/28/2018,7,S,39,85,Y
Ruf,3/5/2018,6,S,39,2.75,Y
Ruf,3/5/2018,6,S,39,6,Y
Ruf,3/5/2018,6,S,39,8,Y
Ruf,3/5/2018,6,S,39,8.5,Y
Ruf,3/5/2018,6,S,39,7.5,Y
Ruf,3/5/2018,6,S,39,7,Y
Suz,3/7/2018,7,S,39,5,Y
Suz,3/7/2018,7,S,39,5.25,Y
Suz,3/7/2018,7,S,39,8,Y
Suz,3/7/2018,7,S,39,5.5,Y
Suz,3/7/2018,7,S,39,5.75,Y
Suz,3/7/2018,7,S,39,6.25,Y
Suz,3/7/2018,7,S,39,6.25,Y
Suz,3/7/2018,5,S,39,8.75,Y
Suz,3/7/2018,5,S,39,6.75,Y
Suz,3/7/2018,5,S,39,4.5,Y
Buz,3/15/2018,5,S,39,272.25,Y
Buz,3/15/2018,5,S,39,276.5,Y
Buz,3/15/2018,5,S,39,248.5,Y
Moj,3/15/2018,4,S,39,735.75,N
Buz,3/15/2018,5,S,39,338.75,Y
Buz,3/15/2018,5,S,39,356.75,Y
Buz,3/15/2018,5,S,39,196.5,Y
Buz,3/15/2018,5,S,39,243.25,Y
Buz,3/15/2018,5,S,39,212.5,Y
Buz,3/15/2018,5,S,39,259.75,Y
Buz,3/15/2018,5,S,39,175.75,Y
Mel,4/6/2018,4,S,39,34,Y
Mel,4/6/2018,4,S,39,71,Y
Mel,4/6/2018,4,S,39,26.5,Y
Mel,4/6/2018,4,S,39,34.25,Y
Mel,4/6/2018,4,S,39,74.25,Y
Mel,4/6/2018,4,S,39,21.25,Y
Mel,4/6/2018,4,S,39,24.5,Y
Mel,4/6/2018,4,S,39,44.5,Y
Mel,4/6/2018,4,S,39,22,Y
Mel,4/6/2018,4,S,39,74.5,Y
Sub,2/1/2018,7,S,39.5,3.75,Y
Mer,2/1/2018,7,S,39.5,7.25,Y
Mon,2/1/2018,6,S,39.5,4,Y
Sub,2/1/2018,7,S,39.5,6.25,Y
Mer,2/1/2018,7,S,39.5,13.75,Y
Mon,2/1/2018,6,S,39.5,5.25,Y
Sub,2/1/2018,7,S,39.5,4.25,Y
Mer,2/1/2018,7,S,39.5,6.5,Y
Mon,2/1/2018,6,S,39.5,4.25,Y
Sub,2/1/2018,7,S,39.5,6.5,Y
Mer,2/1/2018,7,S,39.5,6.5,Y
Sub,2/1/2018,7,S,39.5,2.25,Y
Mer,2/1/2018,7,S,39.5,8,Y
Mon,2/1/2018,6,S,39.5,2.5,Y
Mer,2/1/2018,7,S,39.5,7,Y
Mon,2/1/2018,7,S,39.5,5,Y
Sub,2/1/2018,7,S,39.5,3.25,Y
Mer,2/1/2018,7,S,39.5,6,Y
Sub,2/1/2018,7,S,39.5,5.25,Y
Mer,2/1/2018,7,S,39.5,9.25,Y
Sub,2/1/2018,7,S,39.5,3.75,Y
Mon,2/1/2018,7,S,39.5,5.5,Y
Mer,2/1/2018,7,S,39.5,7.25,Y
Sub,2/1/2018,7,S,39.5,5.75,Y
Mon,2/1/2018,7,S,39.5,4.25,Y
Mer,2/1/2018,7,S,39.5,6.5,Y
Sub,2/1/2018,7,S,39.5,4.5,Y
Equ,2/14/2018,7,S,39.5,9.5,Y
Vir,2/14/2018,5,S,39.5,26,Y
Equ,2/14/2018,6,S,39.5,8.25,Y
Vir,2/14/2018,6,S,39.5,20.75,Y
Equ,2/14/2018,4,S,39.5,7,Y
Vir,2/14/2018,5,S,39.5,35.25,Y
Equ,2/14/2018,7,S,39.5,12.5,Y
Vir,2/14/2018,5,S,39.5,35.5,Y
Equ,2/14/2018,6,S,39.5,4.5,Y
Vir,2/14/2018,5,S,39.5,37.25,Y
Equ,2/14/2018,4,S,39.5,5.75,Y
Vir,2/14/2018,5,S,39.5,51.75,Y
Equ,2/14/2018,6,S,39.5,6.25,Y
Vir,2/14/2018,4,S,39.5,52,Y
Equ,2/14/2018,7,S,39.5,7.5,Y
Vir,2/14/2018,5,S,39.5,37.75,Y
Equ,2/14/2018,4,S,39.5,13.25,Y
Vir,2/14/2018,5,S,39.5,24.75,Y
Equ,2/14/2018,6,S,39.5,8,Y
Vir,2/14/2018,6,S,39.5,21.75,Y
Ruf,2/28/2018,7,S,39.5,3.75,Y
Ruf,2/28/2018,4,S,39.5,5,Y
Ruf,2/28/2018,7,S,39.5,5,Y
Ruf,2/28/2018,6,S,39.5,4.25,Y
Ruf,2/28/2018,5,S,39.5,9.5,Y
Ruf,2/28/2018,7,S,39.5,10.25,Y
Ruf,2/28/2018,4,S,39.5,7,Y
Ruf,2/28/2018,7,S,39.5,5.5,Y
Ruf,2/28/2018,5,S,39.5,5.75,Y
Ruf,2/28/2018,6,S,39.5,9,Y
Buz,3/26/2018,7,L,39.5,141,Y
Buz,3/26/2018,7,L,39.5,133,Y
Buz,3/26/2018,7,L,39.5,157,Y
Buz,3/26/2018,7,L,39.5,141,Y
Buz,3/26/2018,7,L,39.5,100,Y
Buz,3/26/2018,7,L,39.5,158,Y
Buz,3/26/2018,7,L,39.5,164,Y
Buz,3/26/2018,7,L,39.5,164,Y
Buz,3/26/2018,7,L,39.5,158,Y
Buz,3/26/2018,7,L,39.5,127,Y
Mon,3/26/2018,7,L,39.5,9.75,Y
Mon,3/26/2018,7,L,39.5,4.75,Y
Mon,3/26/2018,7,L,39.5,3.75,Y
Mon,3/26/2018,7,L,39.5,9.25,Y
Mon,3/26/2018,7,L,39.5,8.25,Y
Mon,3/26/2018,7,L,39.5,5.25,Y
Moj,3/30/2018,7,L,39.5,286,Y
Moj,3/30/2018,7,L,39.5,372,Y
Moj,3/30/2018,7,L,39.5,392,Y
Moj,3/30/2018,7,L,39.5,261,Y
Moj,3/30/2018,7,L,39.5,360,Y
Moj,3/30/2018,7,L,39.5,322,Y
Moj,3/30/2018,7,L,39.5,261,Y
Moj,3/30/2018,7,L,39.5,263,Y
Moj,3/30/2018,7,L,39.5,276,Y
Moj,3/30/2018,7,L,39.5,264,Y
Mel,4/6/2018,4,S,39.5,13.5,Y
Mel,4/6/2018,4,S,39.5,10.5,Y
Mel,4/6/2018,4,S,39.5,17.25,Y
Mel,4/6/2018,4,S,39.5,28.75,Y
Mel,4/6/2018,4,S,39.5,39.75,Y
Mel,4/6/2018,4,S,39.5,11,Y
Mel,4/6/2018,4,S,39.5,14.5,Y
Mel,4/6/2018,4,S,39.5,26,Y
Mel,4/6/2018,4,S,39.5,44.75,Y
Mel,4/6/2018,4,S,39.5,30,Y
Mer,2/7/2018,7,S,40,10,Y
Mer,2/7/2018,7,S,40,9.25,Y
Mer,2/7/2018,7,S,40,4.75,Y
Mer,2/7/2018,7,S,40,11,Y
Mer,2/7/2018,7,S,40,6.5,Y
Mer,2/7/2018,7,S,40,6,Y
Mer,2/7/2018,7,S,40,4.25,Y
Mer,2/7/2018,7,S,40,3.5,Y
Mer,2/7/2018,7,S,40,5,Y
Mer,2/7/2018,7,S,40,6,Y
Vir,2/9/2018,5,S,40,33,Y
Vir,2/9/2018,5,S,40,17.25,Y
Vir,2/9/2018,6,S,40,28.5,Y
Vir,2/9/2018,5,S,40,5.25,Y
Vir,2/9/2018,6,S,40,25.25,Y
Vir,2/9/2018,5,S,40,5.5,Y
Vir,2/9/2018,6,S,40,9.5,Y
Vir,2/9/2018,5,S,40,28.75,Y
Vir,2/9/2018,6,S,40,16.25,Y
Vir,2/9/2018,5,S,40,6.25,Y
Equ,2/25/2018,7,S,40,3,Y
Equ,2/25/2018,6,S,40,8.75,Y
Equ,2/25/2018,7,S,40,3.75,Y
Equ,2/25/2018,6,S,40,6.5,Y
Equ,2/25/2018,7,S,40,9,Y
Equ,2/25/2018,7,S,40,5.5,Y
Equ,2/25/2018,7,S,40,6.25,Y
Sub,3/7/2018,7,S,40,4,Y
Sub,3/7/2018,7,S,40,4.25,Y
Sub,3/7/2018,7,S,40,4.5,Y
Sub,3/7/2018,7,S,40,4.75,Y
Sub,3/7/2018,7,S,40,4.75,Y
Sub,3/7/2018,7,S,40,4.75,Y
Sub,3/7/2018,7,S,40,5,Y
Sub,3/7/2018,7,S,40,5.75,Y
Sub,3/7/2018,7,S,40,5.25,Y
Sub,3/7/2018,7,S,40,5.25,Y
Moj,3/14/2018,5,S,40,45.5,Y
Buz,3/14/2018,5,S,40,81.5,Y
Moj,3/14/2018,5,S,40,197.5,Y
Buz,3/14/2018,5,S,40,76.5,Y
Moj,3/14/2018,5,S,40,170.5,Y
Buz,3/14/2018,5,S,40,73.25,Y
Moj,3/14/2018,5,S,40,195,Y
Buz,3/14/2018,5,S,40,105.25,Y
Moj,3/14/2018,5,S,40,214.25,Y
Buz,3/14/2018,5,S,40,72.5,Y
Moj,3/14/2018,5,S,40,202,Y
Buz,3/14/2018,5,S,40,87,Y
Moj,3/14/2018,5,S,40,148,Y
Buz,3/14/2018,5,S,40,62.75,Y
Moj,3/14/2018,5,S,40,177,Y
Buz,3/14/2018,5,S,40,76.75,Y
Moj,3/14/2018,5,S,40,208.75,Y
Buz,3/14/2018,5,S,40,59.5,Y
Moj,3/14/2018,5,S,40,172.5,Y
Buz,3/14/2018,5,S,40,65.5,Y
Equ,3/26/2018,7,S,40,15.25,Y
Equ,3/26/2018,7,S,40,11.25,Y
Equ,3/26/2018,7,S,40,4.5,Y
Equ,3/26/2018,7,S,40,7,Y
Equ,3/26/2018,7,S,40,3.75,Y
Equ,3/26/2018,7,S,40,6.25,Y
Mel,4/6/2018,4,S,40,13,Y
Mel,4/6/2018,4,S,40,13.5,Y
Mel,4/6/2018,4,S,40,10.5,Y
Mel,4/6/2018,4,S,40,10.75,Y
Mel,4/6/2018,4,S,40,29,Y
Mel,4/6/2018,4,S,40,29,Y
Mel,4/6/2018,4,S,40,14.25,Y
Mel,4/6/2018,4,S,40,11.5,Y
Mel,4/6/2018,4,S,40,18.25,Y
Mel,4/6/2018,4,S,40,12.25,Y
Mer,3/22/2018,7,S,40.5,9.25,Y
Moj,3/22/2018,7,S,40.5,173.5,N
Mer,3/22/2018,7,S,40.5,9.75,Y
Mer,3/22/2018,7,S,40.5,10,Y
Mer,3/22/2018,7,S,40.5,10.5,Y
Mer,3/22/2018,7,S,40.5,7.5,Y
Mer,3/22/2018,7,S,40.5,7.75,Y
Mer,3/22/2018,7,S,40.5,3.75,Y
Mer,3/22/2018,7,S,40.5,6.25,Y
Mer,3/22/2018,7,S,40.5,10.5,Y
Mer,3/22/2018,7,S,40.5,8.25,Y
Buz,3/26/2018,7,S,40.5,54,Y
Buz,3/26/2018,7,S,40.5,71.5,Y
Buz,3/26/2018,7,S,40.5,66.25,Y
Buz,3/26/2018,7,S,40.5,54.5,Y
Buz,3/26/2018,7,S,40.5,60.25,Y
Buz,3/26/2018,7,S,40.5,58,Y
Buz,3/26/2018,7,S,40.5,72.25,Y
Buz,3/26/2018,7,S,40.5,58.25,Y
Buz,3/26/2018,7,S,40.5,55,Y
Buz,3/26/2018,7,S,40.5,55.25,Y
Vir,3/26/2018,7,S,40.5,5,Y
Vir,3/26/2018,7,S,40.5,5.25,Y
Vir,3/26/2018,7,S,40.5,9,Y
Vir,3/26/2018,7,S,40.5,6.75,Y
Vir,3/26/2018,7,S,40.5,5.5,Y
Vir,3/26/2018,7,S,40.5,5.75,Y
Vir,3/26/2018,7,S,40.5,6.75,Y
Vir,3/26/2018,7,S,40.5,6,Y
Vir,3/26/2018,7,S,40.5,6.25,Y
Vir,3/26/2018,7,S,40.5,7,Y
Mel,4/6/2018,4,S,40.5,10.75,Y
Mel,4/6/2018,4,S,40.5,13.75,Y
Mel,4/6/2018,4,S,40.5,9.5,Y
Mel,4/6/2018,4,S,40.5,16,Y
Mel,4/6/2018,4,S,40.5,9.75,Y
Mel,4/6/2018,4,S,40.5,7.75,Y
Mel,4/6/2018,4,S,40.5,5.5,Y
Mel,4/6/2018,4,S,40.5,8.25,Y
Mel,4/6/2018,4,S,40.5,13,Y
Mel,4/6/2018,4,S,40.5,8.75,Y
Vir,2/11/2018,6,S,41,5.25,Y
Vir,2/11/2018,6,S,41,5.25,Y
Vir,2/11/2018,7,S,41,1,Y
Vir,2/11/2018,6,S,41,4.25,Y
Vir,2/11/2018,6,S,41,6.25,Y
Vir,2/11/2018,6,S,41,2.75,Y
Vir,2/11/2018,6,S,41,5.75,Y
Vir,2/11/2018,5,S,41,4.75,Y
Vir,2/11/2018,7,S,41,5,Y
Moj,2/28/2018,5,S,41,121,Y
Moj,2/28/2018,4,S,41,164,Y
Moj,2/28/2018,5,S,41,130,Y
Moj,3/13/2018,5,S,41,99.5,Y
Buz,3/13/2018,5,S,41,46.25,Y
Moj,3/13/2018,5,S,41,83.25,Y
Buz,3/13/2018,5,S,41,42.25,Y
Moj,3/13/2018,5,S,41,75.25,Y
Buz,3/13/2018,5,S,41,33,Y
Moj,3/13/2018,5,S,41,87,Y
Buz,3/13/2018,5,S,41,33.75,Y
Moj,3/13/2018,5,S,41,103.5,Y
Buz,3/13/2018,5,S,41,20,Y
Moj,3/13/2018,5,S,41,72.25,Y
Buz,3/13/2018,5,S,41,14,Y
Moj,3/13/2018,5,S,41,62.5,Y
Buz,3/13/2018,5,S,41,17,Y
Moj,3/13/2018,5,S,41,89,Y
Buz,3/13/2018,5,S,41,23.75,Y
Moj,3/13/2018,4,S,41,88,Y
Buz,3/13/2018,4,S,41,19.75,Y
Moj,3/13/2018,4,S,41,85,Y
Buz,3/13/2018,4,S,41,12.75,Y
Mel,4/9/2018,7,S,41,26,Y
Mel,4/9/2018,7,S,41,8.5,Y
Mel,4/9/2018,7,S,41,9,Y
Mel,4/9/2018,7,S,41,21.75,Y
Mel,4/9/2018,7,S,41,9.25,Y
Mel,4/9/2018,7,S,41,7.25,Y
Mel,4/9/2018,7,S,41,9.75,Y
Mel,4/9/2018,7,S,41,7.5,Y
Mel,4/9/2018,7,S,41,8,Y
Mel,4/9/2018,7,S,41,10,Y
Moj,3/13/2018,5,S,41.5,55,Y
Buz,3/13/2018,5,S,41.5,17.25,Y
Buz,3/13/2018,5,S,41.5,19.5,Y
Moj,3/13/2018,5,S,41.5,43.25,Y
Buz,3/13/2018,5,S,41.5,9.5,Y
Moj,3/13/2018,5,S,41.5,61.25,Y
Moj,3/13/2018,5,S,41.5,58.5,Y
Buz,3/13/2018,5,S,41.5,11.25,Y
Moj,3/13/2018,5,S,41.5,68.75,Y
Buz,3/13/2018,5,S,41.5,13.25,Y
Moj,3/13/2018,5,S,41.5,70,Y
Buz,3/13/2018,5,S,41.5,9,Y
Moj,3/13/2018,5,S,41.5,57,Y
Buz,3/13/2018,5,S,41.5,13.25,Y
Moj,3/13/2018,5,S,41.5,54.75,Y
Buz,3/13/2018,5,S,41.5,43,Y
Moj,3/13/2018,5,S,41.5,64,Y
Buz,3/13/2018,5,S,41.5,18.25,Y
Moj,3/14/2018,5,S,41.5,28.5,Y
Buz,3/14/2018,5,S,41.5,17,Y
Moj,3/14/2018,5,S,41.5,33,Y
Buz,3/14/2018,5,S,41.5,11,Y
Moj,3/14/2018,5,S,41.5,43,Y
Buz,3/14/2018,5,S,41.5,17.75,Y
Moj,3/14/2018,5,S,41.5,41.75,Y
Moj,3/14/2018,5,S,41.5,68.5,Y
Buz,3/14/2018,5,S,41.5,21,Y
Moj,3/14/2018,5,S,41.5,70.5,Y
Buz,3/14/2018,5,S,41.5,13.5,Y
Moj,3/14/2018,5,S,41.5,36.5,Y
Buz,3/14/2018,5,S,41.5,18.75,Y
Buz,3/14/2018,5,S,41.5,15.5,Y
Moj,3/14/2018,5,S,41.5,22.5,Y
Buz,3/14/2018,5,S,41.5,12,Y
Vir,3/16/2018,6,S,41.5,0.75,Y
Buz,3/16/2018,4,S,41.5,18,Y
Moj,3/16/2018,4,S,41.5,80.25,N
Vir,3/16/2018,6,S,41.5,1,Y
Buz,3/16/2018,4,S,41.5,13.5,Y
Vir,3/16/2018,6,S,41.5,1,Y
Vir,3/16/2018,6,S,41.5,5.5,Y
Buz,3/16/2018,4,S,41.5,30,Y
Vir,3/16/2018,6,S,41.5,1.25,Y
Buz,3/16/2018,4,S,41.5,12.75,Y
Vir,3/16/2018,6,S,41.5,4.75,Y
Buz,3/16/2018,4,S,41.5,10,Y
Vir,3/16/2018,6,S,41.5,4,Y
Buz,3/16/2018,4,S,41.5,18.5,Y
Vir,3/16/2018,6,S,41.5,1.75,Y
Buz,3/16/2018,4,S,41.5,14.25,Y
Vir,3/16/2018,6,S,41.5,3.25,Y
Vir,3/16/2018,6,S,41.5,5.25,Y
Buz,3/16/2018,4,S,41.5,14.75,Y
Mel,4/9/2018,7,S,41.5,7.5,Y
Mel,4/9/2018,7,S,41.5,8.25,Y
Mel,4/9/2018,7,S,41.5,5.25,Y
Mel,4/9/2018,7,S,41.5,6,Y
Mel,4/9/2018,7,S,41.5,6.25,Y
Mel,4/9/2018,7,S,41.5,7,Y
Buz,3/19/2018,5,S,42,9.5,Y
Buz,3/19/2018,5,S,42,10,Y
Buz,3/19/2018,5,S,42,9.5,Y
Buz,3/19/2018,5,S,42,9.5,Y
Buz,3/19/2018,5,S,42,7.75,Y
Buz,3/19/2018,5,S,42,10.5,Y
Buz,3/19/2018,5,S,42,9,Y
Buz,3/19/2018,5,S,42,9,Y
Buz,3/19/2018,5,S,42,8.9,Y
Moj,3/19/2018,6,S,42,15,Y
Moj,3/19/2018,6,S,42,23.75,Y
Moj,3/19/2018,6,S,42,23,Y
Moj,3/19/2018,6,S,42,15.75,Y
Moj,3/19/2018,6,S,42,20.5,Y
Moj,3/19/2018,6,S,42,17.5,Y
Moj,3/19/2018,6,S,42,19,Y
Moj,3/19/2018,6,S,42,22.5,Y
Moj,3/19/2018,6,S,42,14,Y
Moj,3/19/2018,6,S,42,22,Y
Buz,3/23/2018,7,S,42.5,12.25,Y
Buz,3/23/2018,7,S,42.5,6.25,Y
Buz,3/23/2018,7,S,42.5,9.75,Y
Buz,3/23/2018,7,S,42.5,3.75,Y
Buz,3/23/2018,7,S,42.5,14,Y
Buz,3/23/2018,7,S,42.5,3.25,Y
Buz,3/23/2018,7,S,42.5,12.75,Y
Buz,3/23/2018,7,S,42.5,5,Y
Buz,3/23/2018,7,S,42.5,10.25,Y
Buz,3/23/2018,7,S,42.5,10.5,Y
Moj,3/23/2018,7,S,42.5,11.25,Y
Moj,3/23/2018,7,S,42.5,14.5,Y
Moj,3/23/2018,7,S,42.5,31.25,Y
Moj,3/23/2018,7,S,42.5,8.75,Y
Moj,3/23/2018,7,S,42.5,13.25,Y
Moj,3/23/2018,7,S,42.5,14.75,Y
Moj,3/23/2018,7,S,42.5,22.75,Y
Moj,3/23/2018,7,S,42.5,11.75,Y
Moj,3/23/2018,7,S,42.5,12,Y
Moj,3/23/2018,7,S,42.5,12,Y
Buz,3/26/2018,7,S,42.5,2.25,Y
Buz,3/26/2018,7,S,42.5,1.25,Y
Buz,3/26/2018,7,S,42.5,2.75,Y
Buz,3/26/2018,7,S,42.5,6.25,Y
Buz,3/26/2018,7,S,42.5,3.25,Y
Buz,3/26/2018,7,S,42.5,1.75,Y
Buz,3/26/2018,7,S,42.5,5.25,Y
Buz,3/26/2018,7,S,42.5,6.75,Y
Buz,3/26/2018,7,S,42.5,5.5,Y
Buz,3/26/2018,7,S,42.5,4,Y
Buz,3/23/2018,7,S,43,3.75,Y
Buz,3/23/2018,7,S,43,4,Y
Buz,3/23/2018,7,S,43,2.25,Y
Buz,3/23/2018,7,S,43,2.5,Y
Buz,3/23/2018,7,S,43,4.25,Y
Buz,3/23/2018,7,S,43,4.25,Y
Buz,3/23/2018,7,S,43,4.75,Y
Buz,3/23/2018,7,S,43,1.5,Y
Buz,3/23/2018,7,S,43,1.75,Y
Buz,3/23/2018,7,S,43,2.75,Y
Moj,3/23/2018,7,S,43,11.5,Y
Moj,3/23/2018,7,S,43,5,Y
Moj,3/23/2018,7,S,43,24.25,Y
Moj,3/23/2018,7,S,43,3.25,Y
Moj,3/23/2018,7,S,43,14.75,Y
Moj,3/23/2018,7,S,43,10.5,Y
Moj,3/23/2018,7,S,43,10.75,Y
Moj,3/23/2018,7,S,43,16.75,Y
Moj,3/23/2018,7,S,43,6.75,Y
Moj,3/23/2018,7,S,43,5.75,Y
Moj,3/23/2018,7,S,43.5,4.25,Y
Moj,3/23/2018,7,S,43.5,2.25,Y
Moj,3/23/2018,7,S,43.5,1,Y
Moj,3/23/2018,7,S,43.5,3.75,Y
Moj,3/23/2018,7,S,43.5,2.5,Y
Moj,3/23/2018,7,S,43.5,2.75,Y
Moj,3/23/2018,7,S,43.5,6.25,Y
Moj,3/23/2018,7,S,43.5,3.5,Y
Moj,3/23/2018,7,S,43.5,1.5,Y
Moj,3/23/2018,7,S,43.5,4.5,Y
